"Enrichment FDR","nGenes","Pathway Genes","Fold Enrichment","Pathway","URL","Genes"
5.5434580335114e-52,352,4670,2.18859616058086,"GO:0005654 Nucleoplasm ","https://amigo.geneontology.org/amigo/term/GO:0005654"," CHAF1B  IBTK  POLR2B  TAF2  FAM76B  PALB2  HECTD1  SUPT16H  CDC45  HIPK3  CCNT1  GINS2  PNISR  USPL1  ARHGAP32  ORC3  MBNL2  GINS4  TAF5  MBNL1  TRIP12  EMSY  MORC3  CENPN  CDK12  MGA  ZBTB33  SUZ12  RMI1  LIN9  ZBTB6  TAF9B  KPNA5  TOPORS  MIER1  DENND1B  PPP4R3B  RECQL  CDC27  ZFX  DBF4  HEATR5B  BAZ1B  NCAPD2  ANLN  BRCA1  MRE11  AQR  BCLAF1  CENPQ  ARID4A  RFC1  ZZZ3  MTREX  USP28  POLQ  INTS13  PKN2  MCM10  ZBTB11  ARFGEF1  TP53BP1  PSME4  RAD18  ATP2B1  HLTF  SMC1A  ZNF638  MCM6  SPAG5  TOP2B  POLD3  PCM1  THOC1  SENP1  EPB41L2  PUM3  HSP90AA1  RBL1  NDC80  XPO1  DIS3  PDS5B  REST  NCOA1  ATRX  HACE1  MTIF2  ORC1  RAD54L  IPO11  TPX2  KIF4A  CLSPN  NUP50  CDC6  CBX5  MSH2  BTAF1  CDC5L  JAK2  CDC7  POLE2  HIF1A  ZC3H14  PNN  POLI  RBBP8  POLA1  AMMECR1  STAG2  CENPI  PARP4  OIP5  NBN  TRPS1  EIF3A  SMC3  SHOC2  CUL2  DHX15  NEIL3  CAPRIN2  CAND1  FBXO5  MDN1  ZNF451  ERBIN  PPWD1  TCERG1  SMC4  KAT2B  ECT2  EHBP1  SF3B1  TAF1B  ATF2  MSH6  BLZF1  DARS2  NEK2  CENPF  MYB  KLF12  ATAD2B  MASTL  HSPH1  NCAPH  PDS5A  SHLD2  TRIM24  STIL  HJURP  CSE1L  NUP153  DEK  NSRP1  POT1  HAT1  ICE2  E2F8  SGO1  SYNE1  TOP2A  PRKAA1  XPO4  CLOCK  TPP2  USP15  GCC2  WASHC4  SETDB2  BRIP1  KAT7  SMC2  NCBP1  DSCC1  CTDSPL2  SLTM  KIF23  KNL1  KIF20B  DNA2  BARD1  ITPRID2  SCAF11  NEDD1  BRCA2  RB1  NCOA2  FANCI  TICRR  NCOR1  NUF2  DTL  INTS7  LNPK  CDCA7  FANCD2  GOLGA4  CENPC  CCNA2  DDX46  MMS22L  ARHGAP18  NCAPG2  ZNF462  MKI67  CHEK1  DSN1  THRB  NEK7  NCAPD3  CENPU  UHMK1  DCLRE1C  PLEKHH2  RANBP2  AHCTF1  GABPA  AK9  CDK19  RNF20  ATAD2  SMG1  UBN2  CUL4B  SON  RACGAP1  MYSM1  USP1  SMC6  SMARCAD1  CWC22  PTPN13  U2SURP  TOPBP1  ZNF148  PBRM1  NAA15  ICE1  NIPBL  ZNF12  RAD21  VIRMA  WASHC5  ZNF367  BMS1  E2F7  LEO1  FAM111A  RBPJ  NMD3  BUB1  MAP3K2  CDK1  FOXN2  ESCO2  ATF7IP  SLFN11  NOC3L  PHC3  EXO1  LARP7  NR1D2  DHX36  ATR  HASPIN  AURKB  NRIP1  KPNA2  TTC3  SLC8A1  ZNF438  CDCA2  PARPBP  MYBL1  ARID2  IARS1  PRPF40A  XRCC2  MYO6  NF1  BLM  DDI2  WDHD1  OPA1  PRC1  DCLRE1A  IPO7  RIMOC1  DDX3X  PRKDC  ZNF260  ZBED6  ZNF224  PIAS1  RBM27  ZNF106  NR5A2  THOC2  LRPPRC  UTP20  E2F2  POLR3B  TPR  PPP1R12A  CCAR1  THUMPD1  MAPK6  KDM5A  GTSE1  RRN3  PTPN4  INTS2  RAD51AP1  MED23  MSH3  WDR75  TTF2  HEATR1  MED13L  CENPK  MCM8  MIS18BP1  FIGNL1  RFC3  PRKACB  ARID5B  CWF19L2  SUV39H2  CHD1  EME1  USP16  BACH1  KAT6B  CDC25C  USP24  REL  CDC25A  CPSF2  COPS2  TET2  MSL2  UBE2C  CCNE2  ERCC4  GEN1  MED14  FANCB  LIN54  PRIM1"
8.32495805952152e-44,211,2160,2.83640703749942,"GO:0005694 Chromosome ","https://amigo.geneontology.org/amigo/term/GO:0005694"," MRE11  MCM6  ORC1  CBX5  MSH2  NBN  POT1  HAT1  ORC3  CDK1  PRKDC  RECQL  ZFX  BAZ1B  NCAPD2  PIAS1  SPDL1  MCM10  TRIP13  SMC1A  KDM5A  CLASP1  POLD3  RBL1  NDC80  PDS5B  ATRX  SUPT16H  POLE2  SMCHD1  POLA1  STAG2  CENPI  OIP5  SMC3  NCAPG  TTK  KAT2B  CENPF  HELLS  NCAPH  PDS5A  SHLD2  TRIM24  HJURP  BAZ2B  MIS18BP1  GINS2  RFC3  KAT7  SMC2  DSCC1  ZGRF1  RB1  NCOR1  NUF2  FANCD2  MMS22L  NCAPG2  GINS4  MKI67  DSN1  NCAPD3  SPC25  CHD1  SKA1  RNF20  KAT6B  BUB1B  SMC6  PBRM1  RAD21  SKA3  FAM111A  BUB1  ESCO2  MTBP  MGA  ZWILCH  MSL2  ATR  CKAP5  SUZ12  RMI1  AURKB  KNTC1  CDCA2  PARPBP  FAM111B  SYCP2  XRCC2  BLM  PRIM1  WDHD1  BRCA1  UFL1  NUP160  RFC1  ZZZ3  POLR2B  TPR  POLQ  PPP1R12A  TAF2  TP53BP1  NUP133  NEDD4  RAD18  SPAG5  TOP2B  THOC1  PUM3  XPO1  NCOA1  CDC5L  HIF1A  RBBP8  TRPS1  RAD51AP1  NUP107  SMC4  SF3B1  ATF2  NEK2  DEK  THOC2  ICE2  SGO1  TOP2A  FIGNL1  CLOCK  EPC2  BRIP1  KNL1  LRPPRC  CENPE  BRCA2  KIF2C  INTS7  CENPC  TAF5  CHEK1  SUV39H2  AHCTF1  GABPA  MORC3  CHAF1B  SMARCAD1  CIP2A  TOPBP1  ICE1  BMS1  PRDM10  SLFN11  DHX36  ERCC4  ATAD5  NRIP1  FANCB  TAF9B  ARID2  NOL8  PPP4R3B  CENPQ  ZFR  KIF4A  CDC45  JAK2  NEIL3  BIRC2  MSH6  CNTRL  CENPK  MCM8  PRKAA1  SETDB2  NUSAP1  DNA2  PLK4  DTL  ADD3  CENPU  EME1  CLASP2  NIPBL  CENPN  TET2  HASPIN  ERCC6L  DDI2  PRC1  WDR76  E2F2  BBX  NR5A2  KLF12  E2F8  NCOA2  THRB  BACH1  REL  E2F7  RBPJ  FOXN2  NR1D2  ZBTB33  RFX7  ZBED6  ARID4A  FANCI  CLIP1"
2.70744533661734e-40,89,442,5.84665661136249,"GO:0098687 Chromosomal region ","https://amigo.geneontology.org/amigo/term/GO:0098687"," MRE11  MCM6  ORC1  CBX5  MSH2  NBN  POT1  HAT1  ORC3  CDK1  PRKDC  NCAPD2  SPDL1  CLASP1  NDC80  ATRX  CENPI  OIP5  TTK  CENPF  HELLS  HJURP  MIS18BP1  DSCC1  NUF2  DSN1  NCAPD3  SPC25  SKA1  BUB1B  SKA3  BUB1  MTBP  ZWILCH  CKAP5  AURKB  KNTC1  SYCP2  ATR  NUP160  POLR2B  TPR  PPP1R12A  TP53BP1  NUP133  SMC1A  SPAG5  THOC1  XPO1  SMCHD1  NUP107  NEK2  THOC2  SGO1  KNL1  CENPE  BRCA2  KIF2C  CENPC  CHEK1  AHCTF1  SMC6  DHX36  ERCC4  BLM  BAZ1B  CENPQ  STAG2  SMC3  NCAPG  RAD51AP1  SMC4  KAT2B  CENPK  TOP2A  KAT7  DNA2  CENPU  SUV39H2  CLASP2  RAD21  CENPN  ESCO2  ERCC6L  PBRM1  ARID2  PDS5B  PDS5A  CLIP1"
9.14438067951278e-37,162,1532,3.07040807345909,"GO:0015630 Microtubule cytoskeleton ","https://amigo.geneontology.org/amigo/term/GO:0015630"," SPDL1  OFD1  MPHOSPH9  CLASP1  GTSE1  PCM1  DNM1L  KIZ  KIF16B  KIF4A  KIAA0586  CEP192  KATNAL1  CCP110  ALMS1  SSX2IP  NEK2  CENPF  KIF14  CAMSAP2  CNTRL  IFT81  TUBA1B  STIL  DLGAP5  MACF1  AKAP9  ROCK2  HOOK1  CKAP2  CDK5RAP2  NUSAP1  KIF23  KIF11  KIF20B  CENPE  KIF21A  NEDD1  CLTC  KIF2C  CCNA2  CEP78  CENPJ  SKA1  TBC1D31  SASS6  CCNB2  RACGAP1  CLASP2  SPICE1  KIF15  SKA3  CEP295  C2CD3  CEP120  CKAP2L  KIF5B  CEP83  CEP135  CKAP5  CCNE2  CCDC14  RTTN  AURKB  CEP63  CEP57L1  KNTC1  KIF24  XRCC2  TOPORS  OPA1  PRC1  CDC27  TPR  FNIP2  PPP1R12A  WNK1  PKN2  ASPM  RAD18  SMC1A  HMMR  SPAG5  NDC80  ERC1  TPX2  CDC45  CDC6  CDC7  DAAM1  MIB1  STAG2  PARP4  ANKRD26  SMC3  CAPRIN2  MDM1  C2CD5  FBXO5  RAB23  KAT2B  ECT2  WDR11  MASTL  USP9X  RIBC2  MTUS1  SGO1  CLIP1  TOP2A  PATJ  CEP350  MARCHF7  LRPPRC  MYOF  CEP55  GAS2L3  BRCA2  IQGAP1  NCOR1  PLK4  PRKACB  DTL  EML4  ARHGAP18  CHEK1  NEK7  CENPU  BUB1B  RAPGEF6  ZNF12  LEO1  CDK1  HASPIN  GEN1  PIK3R4  CD2AP  ITSN2  PJA2  DDX3X  ZBED6  PPP4R3B  ROCK1  EIF3A  EHBP1  HSPH1  BORA  TTLL7  RB1  SMC6  TOPBP1  RAD21  PDCD6IP  SHCBP1  FIGN  TAOK1  BRCA1  ZZZ3  DSN1  ZWILCH  TTK  USO1"
2.64584999394037e-35,69,296,6.76857475452981,"GO:0000793 Condensed chromosome ","https://amigo.geneontology.org/amigo/term/GO:0000793"," NCAPD2  SPDL1  CLASP1  NDC80  CENPI  NCAPG  TTK  SMC2  NUF2  FANCD2  DSN1  NCAPD3  SPC25  SKA1  BUB1B  SMC6  SKA3  BUB1  MTBP  ZWILCH  CKAP5  AURKB  KNTC1  SYCP2  BRCA1  NUP160  TPR  PPP1R12A  NUP133  SMC1A  SPAG5  XPO1  NUP107  NEK2  CENPF  HJURP  SGO1  KNL1  LRPPRC  CENPE  BRCA2  KIF2C  CENPC  MKI67  CHEK1  AHCTF1  BLM  BAZ1B  TP53BP1  ATRX  CBX5  SMC3  SMC4  KAT2B  NCAPH  CENPK  TOP2A  NCAPG2  ADD3  CENPU  CLASP2  TOPBP1  RAD21  CENPN  ERCC6L  CENPQ  PBRM1  ARID2  CLIP1"
2.73366805792588e-35,67,278,6.99793423688016,"GO:0000775 Chromosome centromeric region ","https://amigo.geneontology.org/amigo/term/GO:0000775"," NCAPD2  SPDL1  CLASP1  NDC80  ATRX  CBX5  CENPI  OIP5  TTK  CENPF  HELLS  HJURP  MIS18BP1  DSCC1  NUF2  DSN1  NCAPD3  SPC25  SKA1  BUB1B  SKA3  BUB1  MTBP  ZWILCH  CKAP5  AURKB  KNTC1  SYCP2  NUP160  TPR  PPP1R12A  NUP133  SMC1A  SPAG5  XPO1  NUP107  NEK2  SGO1  KNL1  CENPE  KIF2C  CENPC  AHCTF1  BAZ1B  CENPQ  TP53BP1  STAG2  SMC3  NCAPG  SMC4  KAT2B  CENPK  TOP2A  KAT7  CENPU  SUV39H2  SMC6  CLASP2  RAD21  CENPN  ESCO2  ERCC6L  PBRM1  ARID2  PDS5B  PDS5A  CLIP1"
4.30489495097028e-32,107,802,3.87390761548065,"GO:0005813 Centrosome ","https://amigo.geneontology.org/amigo/term/GO:0005813"," OFD1  PCM1  KIZ  CEP192  ALMS1  SSX2IP  NEK2  IFT81  STIL  DLGAP5  AKAP9  ROCK2  HOOK1  CDK5RAP2  NEDD1  KIF2C  CCNA2  CEP78  CENPJ  TBC1D31  SASS6  CCNB2  SPICE1  CEP295  C2CD3  CEP120  CKAP2L  CEP83  CEP135  CKAP5  CCNE2  CCDC14  AURKB  CEP57L1  XRCC2  CDC27  MPHOSPH9  FNIP2  PPP1R12A  PKN2  RAD18  HMMR  CLASP1  NDC80  ERC1  CDC45  KIAA0586  MIB1  CCP110  ANKRD26  CAPRIN2  MDM1  C2CD5  RAB23  KAT2B  CAMSAP2  CNTRL  MASTL  USP9X  SGO1  CLIP1  PATJ  CEP350  CKAP2  MARCHF7  KIF23  MYOF  CEP55  KIF20B  BRCA2  PLK4  PRKACB  DTL  CHEK1  CENPU  SKA1  RAPGEF6  ZNF12  SKA3  LEO1  CDK1  KIF5B  RTTN  HASPIN  GEN1  CEP63  KIF24  CD2AP  ITSN2  PJA2  DDX3X  ZBED6  PPP4R3B  SPDL1  ASPM  SPAG5  KATNAL1  ECT2  CENPF  MTUS1  NEK7  BUB1B  CLASP2  TOPBP1  PDCD6IP  FIGN  KIF15"
3.09860830935177e-31,116,953,3.53431243474513,"GO:0005815 Microtubule organizing center ","https://amigo.geneontology.org/amigo/term/GO:0005815"," OFD1  MPHOSPH9  CLASP1  PCM1  KIZ  KIAA0586  CEP192  CCP110  ALMS1  SSX2IP  NEK2  CNTRL  IFT81  STIL  DLGAP5  AKAP9  ROCK2  HOOK1  CDK5RAP2  NEDD1  KIF2C  CCNA2  CEP78  CENPJ  TBC1D31  SASS6  CCNB2  CLASP2  SPICE1  CEP295  C2CD3  CEP120  CKAP2L  CEP83  CEP135  CKAP5  CCNE2  CCDC14  RTTN  AURKB  CEP63  CEP57L1  XRCC2  TOPORS  CDC27  FNIP2  PPP1R12A  PKN2  RAD18  HMMR  NDC80  ERC1  CDC45  DAAM1  MIB1  ANKRD26  CAPRIN2  MDM1  C2CD5  RAB23  KAT2B  CAMSAP2  WDR11  MASTL  USP9X  SGO1  CLIP1  TOP2A  PATJ  CEP350  CKAP2  MARCHF7  KIF23  MYOF  CEP55  KIF20B  BRCA2  PLK4  PRKACB  DTL  EML4  CHEK1  NEK7  CENPU  SKA1  RAPGEF6  ZNF12  SKA3  LEO1  CDK1  KIF5B  HASPIN  GEN1  KIF24  CD2AP  ITSN2  PJA2  DDX3X  ZBED6  PPP4R3B  SPDL1  ASPM  ROCK1  SPAG5  KATNAL1  ECT2  EHBP1  CENPF  MTUS1  BUB1B  TOPBP1  PDCD6IP  FIGN  BRCA1  USO1  KIF15"
1.02973529976399e-28,51,194,7.63322908220395,"GO:0000779 Condensed chromosome centromeric region ","https://amigo.geneontology.org/amigo/term/GO:0000779"," NCAPD2  SPDL1  CLASP1  NDC80  CENPI  TTK  NUF2  DSN1  NCAPD3  SPC25  SKA1  BUB1B  SKA3  BUB1  MTBP  ZWILCH  CKAP5  AURKB  KNTC1  SYCP2  NUP160  TPR  PPP1R12A  NUP133  SMC1A  SPAG5  XPO1  NUP107  NEK2  CENPF  HJURP  SGO1  KNL1  CENPE  KIF2C  CENPC  AHCTF1  TP53BP1  ATRX  CBX5  NCAPG  KAT2B  CENPK  CENPU  CLASP2  CENPN  ERCC6L  CENPQ  PBRM1  ARID2  CLIP1"
4.69330733673049e-25,46,182,7.33882097927042,"GO:0000776 Kinetochore ","https://amigo.geneontology.org/amigo/term/GO:0000776"," SPDL1  CLASP1  NDC80  CENPI  TTK  NUF2  DSN1  SPC25  SKA1  BUB1B  SKA3  BUB1  MTBP  ZWILCH  CKAP5  AURKB  KNTC1  NUP160  TPR  PPP1R12A  NUP133  SMC1A  SPAG5  XPO1  NUP107  NEK2  CENPF  HJURP  SGO1  KNL1  CENPE  KIF2C  CENPC  AHCTF1  TP53BP1  CBX5  KAT2B  CENPK  CENPU  CLASP2  CENPN  ERCC6L  CENPQ  PBRM1  ARID2  CLIP1"
2.02859361096217e-23,196,2693,2.11329228735154,"GO:0005856 Cytoskeleton ","https://amigo.geneontology.org/amigo/term/GO:0005856"," ANLN  SPDL1  OFD1  MPHOSPH9  ROCK1  CLASP1  GTSE1  PCM1  EPB41L2  ERC1  DNM1L  KIZ  KIF16B  KIF4A  KIAA0586  DAAM1  CEP192  KATNAL1  CCP110  ALMS1  SSX2IP  NEK2  CENPF  KIF14  CAMSAP2  CNTRL  PLS1  IFT81  TUBA1B  STIL  DLGAP5  MACF1  AKAP9  NES  ROCK2  HOOK1  ARHGAP32  CKAP2  CDK5RAP2  NUSAP1  KIF23  KIF11  KIF20B  CENPE  KIF21A  NEDD1  GAS2L3  CLTC  KIF2C  CTTNBP2NL  CCNA2  CEP78  ADD3  CENPJ  SKA1  TBC1D31  SASS6  CCNB2  RACGAP1  CLASP2  SPICE1  KIF15  SKA3  CEP295  C2CD3  CEP120  CKAP2L  KIF5B  CEP83  CEP135  CKAP5  CCNE2  CCDC14  RTTN  AURKB  CEP63  CEP57L1  KNTC1  KIF24  XRCC2  MYO6  TOPORS  OPA1  PRC1  CDC27  CENPQ  TPR  FNIP2  PPP1R12A  NDC1  WNK1  PKN2  ASPM  RAD18  SMC1A  HMMR  SPAG5  NDC80  TPX2  CDC45  CDC6  CDC7  MIB1  STAG2  PARP4  ARHGAP21  ANKRD26  SMC3  CAPRIN2  MDM1  C2CD5  FBXO5  MDN1  RAB23  KAT2B  ECT2  WDR11  MASTL  SHLD2  USP9X  RIBC2  MTUS1  SGO1  CLIP1  TOP2A  PATJ  CEP350  MARCHF7  LRPPRC  MYOF  CEP55  BRCA2  IQGAP1  NCOR1  PLK4  PRKACB  DTL  EML4  ARHGAP18  TAF5  CHEK1  NEK7  CENPU  BUB1B  RAPGEF6  TOPBP1  ZNF12  DLC1  TSC1  LEO1  CDK1  HASPIN  GEN1  PIK3R4  CD2AP  ITSN2  PJA2  DDX3X  ZBED6  PPP4R3B  PIAS1  KITLG  MAPK6  PTPN4  JAK2  TJP1  EIF3A  EHBP1  CTNNAL1  HSPH1  SYNE1  BORA  TTLL7  RB1  FRMD6  SSH2  PLEKHH2  AK9  WDR19  SMC6  PTPN13  RAD21  PDCD6IP  SHCBP1  FIGN  SCN8A  TAOK1  NCKAP1  DGKH  BRCA1  ZZZ3  DSN1  ZWILCH  PNN  TTK  USO1"
2.44943390029751e-23,70,473,4.29711275282219,"GO:0005819 Spindle ","https://amigo.geneontology.org/amigo/term/GO:0005819"," SPDL1  CLASP1  CENPF  DLGAP5  CDK5RAP2  NUSAP1  KIF11  NEDD1  CLTC  KIF2C  SKA1  RACGAP1  CLASP2  SPICE1  SKA3  CKAP2L  CKAP5  AURKB  KNTC1  PRC1  CDC27  TPR  WNK1  ASPM  SMC1A  HMMR  SPAG5  TPX2  KIF16B  CDC6  CDC7  STAG2  PARP4  KATNAL1  SMC3  FBXO5  ECT2  KIF14  SGO1  CKAP2  KIF23  KIF20B  CENPE  NCOR1  EML4  BUB1B  CEP295  CDK1  HASPIN  TOPORS  KIF4A  ALMS1  NEK2  CNTRL  MTUS1  CEP350  BORA  RB1  NEK7  SMC6  TOPBP1  KIF15  RAD21  SHCBP1  CEP63  ZZZ3  KAT2B  DSN1  ZWILCH  TTK"
1.3872635819185e-18,122,1450,2.44304619225968,"GO:0140513 Nuclear protein-containing complex ","https://amigo.geneontology.org/amigo/term/GO:0140513"," HLTF  ATF2  MYB  NCOA2  CDC27  DBF4  E2F2  BAZ1B  BRCA1  POLR3B  MRE11  AQR  BCLAF1  NUP160  POLR2B  TPR  NDC1  INTS13  TAF2  NUP133  POLD3  THOC1  DIS3  SUPT16H  CDC45  MSH2  NUP188  CDC5L  POLE2  PNN  POLA1  NBN  INTS2  DHX15  NUP107  MED23  NUP155  SF3B1  TAF1B  MSH6  NR5A2  HEATR1  NUP153  THOC2  POT1  E2F8  CCNT1  GINS2  XPO4  CLOCK  ORC3  KAT7  DSCC1  BARD1  RB1  INTS7  GINS4  TAF5  THRB  CWF19L2  RANBP2  NUP205  CWC22  PBRM1  NIPBL  E2F7  CPSF2  COPS2  CDK12  PHC3  MGA  ERCC4  SUZ12  MED14  FANCB  TAF9B  PRPF40A  XRCC2  PRIM1  RANBP17  MTREX  ARFGEF1  EPB41L2  NCOA1  ORC1  HIF1A  MSH3  PPWD1  DOCK7  DEK  ICE2  SYNE1  RFC3  BRCA2  NCOR1  DDX46  MMS22L  AHCTF1  ICE1  LEO1  LARP7  UBE2C  ARID2  LIN54  PRKDC  NUP50  CBX5  CEBPZ  TTF2  MED13L  NRIP1  MCM6  RBBP8  BRIP1  BACH1  BUB1B  TOPBP1  ATR  CDK19  ARID4A  REL  IPO7"
1.50347589475192e-17,94,986,2.76815745024602,"GO:0016604 Nuclear body ","https://amigo.geneontology.org/amigo/term/GO:0016604"," FAM76B  HECTD1  HIPK3  PNISR  USPL1  TRIP12  MORC3  RMI1  TOPORS  DENND1B  DBF4  HEATR5B  BRCA1  MRE11  BCLAF1  USP28  INTS13  PKN2  TP53BP1  RAD18  SPAG5  THOC1  PALB2  ATRX  HACE1  CDC5L  POLE2  HIF1A  ZC3H14  PNN  POLI  CENPI  OIP5  NBN  DHX15  ZNF451  ERBIN  PPWD1  SMC4  ECT2  SF3B1  NSRP1  ICE2  PRKAA1  TPP2  ORC3  USP15  SLTM  KNL1  BARD1  SCAF11  RB1  NCOA2  INTS7  FANCD2  CENPC  DDX46  ARHGAP18  NCAPG2  MKI67  DSN1  THRB  UHMK1  PLEKHH2  AHCTF1  SON  SMC6  CWC22  TOPBP1  NAA15  ICE1  VIRMA  E2F7  CDK12  ATF7IP  EXO1  DHX36  ATR  SUZ12  PRPF40A  BLM  PPP4R3B  PIAS1  MTREX  PSME4  ZNF638  XPO1  RBM27  ZNF106  THOC2  NOC3L  NRIP1  CBX5  TCERG1"
1.68775076106652e-17,44,249,5.13089561742601,"GO:0000228 Nuclear chromosome ","https://amigo.geneontology.org/amigo/term/GO:0000228"," MCM10  POLD3  POLE2  SMCHD1  POLA1  GINS2  ORC3  MMS22L  GINS4  SYCP2  PRIM1  WDHD1  BAZ1B  NCAPD2  BRCA1  ORC1  CDC5L  TOP2A  FIGNL1  SMC2  LRPPRC  BRCA2  CHEK1  CHD1  SMARCAD1  BLM  ATRX  SMC3  NCAPG  SMC4  NEK2  NCAPH  TRIM24  NCAPG2  ADD3  TOPBP1  RAD21  MCM6  CDC45  NCAPD3  ARID4A  EME1  PBRM1  SMC1A"
9.97437362371022e-16,124,1618,2.22527156258632,"GO:0099080 Supramolecular complex ","https://amigo.geneontology.org/amigo/term/GO:0099080"," SPDL1  RC3H2  PPP1R12A  ROCK1  CLASP1  GTSE1  NDC80  DNM1L  KIF16B  TDRD1  CENPI  TTK  KIF14  CAMSAP2  FASTKD2  PLS1  TUBA1B  CNOT1  MACF1  NES  RC3H1  CDK5RAP2  KIF23  KIF20B  CENPE  KIF21A  GAS2L3  KIF2C  NUF2  DSN1  SPC25  UHMK1  PAN3  SKA1  BUB1B  CLASP2  KIF15  SKA3  BUB1  KIF5B  MTBP  ZWILCH  CKAP5  AURKB  KNTC1  KIF24  OPA1  DDX3X  PABPC4L  DCP1A  NUP160  TPR  ATP2B4  ASPM  NUP133  SMC1A  SPAG5  XPO1  POLI  PARP4  KATNAL1  NUP107  NEK2  CENPF  HJURP  RIBC2  SGO1  CLIP1  SYNE1  ROCK2  KNL1  LRPPRC  KIF11  BARD1  IQGAP1  CLTC  EML4  CENPC  ARHGAP18  C9orf72  MBNL1  AHCTF1  TSC1  CEP295  CDK1  DHX36  MYO6  CD2AP  TP53BP1  TPX2  KIF4A  CBX5  EIF3A  MDM1  XRN1  KAT2B  EHBP1  HSPH1  CENPK  DEK  MTUS1  HOOK1  CLOCK  CKAP2  NUSAP1  TTLL7  NEK7  CENPU  CENPJ  SMG1  RACGAP1  CENPN  MTM1  FIGN  CEP57L1  ERCC6L  PRC1  CENPQ  NCKAP1  SLC8A1  SCN8A  PBRM1  ARID2  PNN"
1.00495691063679e-14,37,209,5.14038074416549,"GO:0072686 Mitotic spindle ","https://amigo.geneontology.org/amigo/term/GO:0072686"," CLASP1  CDK5RAP2  NUSAP1  KIF11  SKA1  RACGAP1  CKAP2L  PRC1  CDC27  TPR  WNK1  ASPM  SMC1A  SPAG5  TPX2  CDC6  CDC7  STAG2  SMC3  ECT2  DLGAP5  CKAP2  KIF23  KIF20B  CENPE  NCOR1  CLTC  EML4  SKA3  CEP295  CDK1  CNTRL  SMC6  AURKB  CLASP2  ZZZ3  KAT2B"
6.13138506993934e-13,33,189,5.06981352674237,"GO:0000922 Spindle pole ","https://amigo.geneontology.org/amigo/term/GO:0000922"," SPDL1  CENPF  DLGAP5  CDK5RAP2  NEDD1  CKAP5  AURKB  ASPM  SMC1A  SPAG5  TPX2  CDC6  STAG2  KATNAL1  SMC3  SGO1  KIF11  KIF20B  KNTC1  TOPORS  ALMS1  NEK2  CNTRL  CKAP2  NEK7  SMC6  TOPBP1  RAD21  CKAP2L  PRC1  KIF15  CEP63  DSN1"
7.46891470411142e-13,57,524,3.1585184549847,"GO:0005874 Microtubule ","https://amigo.geneontology.org/amigo/term/GO:0005874"," CLASP1  GTSE1  DNM1L  KIF16B  KIF14  CAMSAP2  TUBA1B  MACF1  CDK5RAP2  KIF23  KIF20B  CENPE  KIF21A  KIF2C  SKA1  CLASP2  KIF15  SKA3  KIF5B  CKAP5  AURKB  KNTC1  KIF24  OPA1  ASPM  SPAG5  PARP4  KATNAL1  RIBC2  CLIP1  LRPPRC  KIF11  IQGAP1  CLTC  EML4  ARHGAP18  CEP295  CDK1  TPX2  KIF4A  EIF3A  MDM1  NEK2  HSPH1  MTUS1  HOOK1  CKAP2  NUSAP1  TTLL7  GAS2L3  NEK7  CENPJ  RACGAP1  FIGN  CEP57L1  PRC1  ZWILCH"
2.42884713063725e-11,20,75,7.74298793175198,"GO:0005657 Replication fork ","https://amigo.geneontology.org/amigo/term/GO:0005657"," MCM10  POLD3  POLA1  RFC3  MMS22L  XRCC2  PRIM1  WDHD1  BAZ1B  MRE11  RFC1  RAD18  CDC5L  BRIP1  SMARCAD1  TP53BP1  NBN  CHEK1  BLM  EME1"
1.0702535893328e-10,32,214,4.34186239163662,"GO:0030496 Midbody ","https://amigo.geneontology.org/amigo/term/GO:0030496"," CEP55  RACGAP1  ANLN  PKN2  KIF4A  ECT2  CENPF  KIF14  KIF23  KIF20B  CENPE  IQGAP1  EML4  CENPC  C9orf72  RAD21  HSP90B1  PDCD6IP  CDK1  AURKB  PRC1  ASPM  EXOC5  SPAG5  EXOC1  EXOC2  NEK2  CNTRL  SYNE1  EXOC6  SHCBP1  TOPORS"
3.28872488517142e-10,29,185,4.55162128420555,"GO:0005814 Centriole ","https://amigo.geneontology.org/amigo/term/GO:0005814"," MPHOSPH9  PCM1  KIAA0586  CEP192  CCP110  STIL  NEDD1  CENPJ  SASS6  SPICE1  CEP295  C2CD3  CEP120  CEP83  CEP135  RTTN  CEP63  OFD1  MDM1  ALMS1  TOP2A  CEP350  PLK4  CEP78  KIF24  TOPORS  ROCK1  IFT81  CEP55"
1.49645117578333e-09,19,83,6.64684204984733,"GO:0000794 Condensed nuclear chromosome ","https://amigo.geneontology.org/amigo/term/GO:0000794"," SYCP2  BRCA1  LRPPRC  BRCA2  CHEK1  BLM  SMC3  NCAPG  SMC4  NEK2  NCAPH  SMC2  NCAPG2  ADD3  TOPBP1  RAD21  NCAPD2  NCAPD3  SMC1A"
2.40854521797287e-09,11,23,13.8868805297726,"GO:0000940 Outer kinetochore ","https://amigo.geneontology.org/amigo/term/GO:0000940"," SPDL1  NDC80  NUF2  DSN1  SPC25  SKA1  SKA3  CENPF  KNL1  BUB1B  BUB1"
1.11049490601873e-08,25,162,4.48089579383795,"GO:0034399 Nuclear periphery ","https://amigo.geneontology.org/amigo/term/GO:0034399"," TPR  SMC1A  POLA1  STAG2  SMC3  NUP107  CENPF  NUP153  NUP205  RAD21  PRPF40A  BLM  MATR3  PIAS1  ARFGEF1  THOC1  KIF4A  HAT1  AHCTF1  MORC3  FIGN  HLTF  MYB  PBRM1  ARID2"
1.38139616320625e-08,7,8,25.4066791510612,"GO:0000796 Condensin complex ","https://amigo.geneontology.org/amigo/term/GO:0000796"," NCAPD2  NCAPH  SMC2  NCAPG2  NCAPD3  NCAPG  SMC4"
3.35736577265786e-08,98,1515,1.87824954780122,"GO:0000785 Chromatin ","https://amigo.geneontology.org/amigo/term/GO:0000785"," BAZ1B  PIAS1  KDM5A  RBL1  PDS5B  ATRX  SUPT16H  CBX5  STAG2  OIP5  KAT2B  HELLS  PDS5A  TRIM24  BAZ2B  KAT7  SMC2  DSCC1  RB1  NCOR1  CHD1  RNF20  KAT6B  PBRM1  FAM111A  ESCO2  MGA  MSL2  SUZ12  PARPBP  FAM111B  ZFX  ZZZ3  TAF2  NEDD4  TOP2B  NCOA1  HIF1A  POLA1  TRPS1  SMC3  RAD51AP1  SF3B1  ATF2  DEK  HAT1  ICE2  ORC3  EPC2  CENPC  MMS22L  TAF5  NCAPD3  SUV39H2  AHCTF1  GABPA  MORC3  CHAF1B  ICE1  PRDM10  MTBP  NRIP1  FANCB  TAF9B  ARID2  PRKDC  PPP4R3B  JAK2  MSH6  PRKAA1  CHEK1  EME1  SMARCAD1  NIPBL  RAD21  WDR76  E2F2  BBX  NR5A2  KLF12  E2F8  CLOCK  NCOA2  THRB  BACH1  REL  E2F7  RBPJ  FOXN2  NR1D2  ZBTB33  RFX7  ZBED6  ARID4A  CENPF  SHLD2  FANCI  FANCD2"
4.93555806889306e-08,46,500,2.67133083645443,"GO:0016607 Nuclear speck ","https://amigo.geneontology.org/amigo/term/GO:0016607"," FAM76B  HECTD1  PNISR  TRIP12  TOPORS  DENND1B  HEATR5B  BCLAF1  THOC1  PALB2  CDC5L  ZC3H14  PNN  POLI  OIP5  DHX15  ERBIN  SMC4  SF3B1  NSRP1  PRKAA1  BARD1  DDX46  ARHGAP18  NCAPG2  UHMK1  SON  CWC22  VIRMA  E2F7  CDK12  DHX36  PRPF40A  PPP4R3B  PIAS1  MTREX  PSME4  ZNF638  RBM27  HIF1A  ZNF106  THOC2  SMC6  NOC3L  NRIP1  TCERG1"
5.86503127584143e-08,49,556,2.55894610154573,"GO:0005635 Nuclear envelope ","https://amigo.geneontology.org/amigo/term/GO:0005635"," NUP160  TPR  NDC1  NUP133  IPO11  NUP188  NUP107  NUP155  CSE1L  NUP153  XPO4  RANBP2  NUP205  NEMP1  DPY19L3  NEMP2  RANBP17  IPO7  RB1CC1  CCAR1  PCM1  SENP1  XPO1  NUP50  POLA1  CENPF  SYNE1  BRIP1  C9orf72  AHCTF1  AK9  ATR  KPNA2  MYO6  ZNF224  OSBPL8  INTS2  ERBIN  LRPPRC  MYOF  DTL  TMEM209  RRM1  CD2AP  TUG1  ATP11B  MATR3  CBX5  NPIPB3"
1.03484693446826e-07,26,195,3.87149396587599,"GO:0000781 Chromosome telomeric region ","https://amigo.geneontology.org/amigo/term/GO:0000781"," MRE11  MCM6  ORC1  CBX5  MSH2  NBN  POT1  HAT1  ORC3  CDK1  PRKDC  ATR  POLR2B  TP53BP1  THOC1  ATRX  SMCHD1  THOC2  BRCA2  CHEK1  SMC6  DHX36  ERCC4  BLM  RAD51AP1  DNA2"
2.5722166804032e-07,78,1153,1.96428791850603,"GO:0005730 Nucleolus ","https://amigo.geneontology.org/amigo/term/GO:0005730"," PUM3  WDR75  TAF1B  HEATR1  UTP20  ARHGAP32  NUSAP1  NOC3L  NOL8  ZFX  BAZ1B  ZZZ3  PPP1R12A  MCM10  ARFGEF1  TOP2B  XPO1  RRN3  CBX5  ZC3H14  POLA1  STAG2  SPG11  NBN  EIF3A  MDN1  SF3B1  HJURP  NUP153  DEK  E2F8  MTUS1  SYNE1  TOP2A  WDR36  SMC2  KIF20B  USO1  SCAF11  NEDD1  DTL  FANCD2  DDX46  MKI67  DSN1  RNF20  MYSM1  PTPN13  BMS1  LEO1  FAM111A  ZNF146  RBPJ  NMD3  MALT1  CKAP5  ZBTB33  SUZ12  NRIP1  TTC3  BLM  CD2AP  DCLRE1A  PRKDC  MTREX  ZBTB11  HLTF  KDM5A  G2E3  ZNF106  CUL2  DHX15  NEK2  PLK4  EME1  OXR1  NF1  ZBED6"
3.75235721672577e-07,21,140,4.35543071161049,"GO:0090734 Site of dna damage ","https://amigo.geneontology.org/amigo/term/GO:0090734"," MRE11  SHLD2  ZGRF1  SMC6  UFL1  POLQ  TP53BP1  RAD18  SMCHD1  RBBP8  NBN  ATF2  KAT7  MMS22L  SMARCAD1  TOPBP1  SLFN11  ATR  ESCO2  WDR76  CBX5"
6.04818963066252e-07,21,144,4.23444652517686,"GO:0034451 Centriolar satellite ","https://amigo.geneontology.org/amigo/term/GO:0034451"," PCM1  SSX2IP  C2CD3  CCDC14  FNIP2  MDM1  C2CD5  CNTRL  PATJ  MYOF  CENPU  SKA1  TBC1D31  KIF5B  CD2AP  PJA2  ZBED6  OFD1  SPAG5  MIB1  CEP63"
7.43944034173256e-07,20,133,4.36634657805563,"GO:0016363 Nuclear matrix ","https://amigo.geneontology.org/amigo/term/GO:0016363"," SMC1A  POLA1  STAG2  SMC3  CENPF  RAD21  PRPF40A  BLM  MATR3  ARFGEF1  THOC1  KIF4A  HAT1  AHCTF1  MORC3  FIGN  HLTF  MYB  PBRM1  ARID2"
1.20544891350283e-06,68,990,1.99440598242096,"GO:1990234 Transferase complex ","https://amigo.geneontology.org/amigo/term/GO:1990234"," CUL4B  ANKIB1  CDC27  DBF4  BRCA1  POLR3B  RB1CC1  POLR2B  TAF2  RAD18  POLD3  POLE2  POLA1  CUL2  KAT2B  PIK3CA  CCNT1  PRKAA1  KAT7  BARD1  PRKACB  UBR3  CCNA2  PIK3R1  TAF5  RNF20  KAT6B  CCNB2  SMC6  NAA15  VIRMA  CDK12  NAA16  PHC3  MGA  MSL2  CCNE2  SUZ12  SOCS4  TAF9B  CHM  PIK3R4  PRIM1  ZZZ3  ERC1  CAND1  ATF2  EPC2  DNA2  BRCA2  RB1  DTL  SPOPL  C9orf72  LEO1  CDK1  ELOVL6  UBE2C  TOPORS  CBX5  EEA1  UBE4A  RANBP2  PRKDC  NEDD4  CDK19  FBXO38  BUB1B"
1.41430300412082e-06,34,350,2.82065988942393,"GO:0031965 Nuclear membrane ","https://amigo.geneontology.org/amigo/term/GO:0031965"," DPY19L3  RB1CC1  TPR  NDC1  NUP133  PCM1  SENP1  XPO1  NUP50  NUP107  NUP155  CENPF  NUP153  SYNE1  BRIP1  C9orf72  RANBP2  AHCTF1  AK9  NUP205  KPNA2  MYO6  ZNF224  OSBPL8  INTS2  ERBIN  LRPPRC  MYOF  DTL  NEMP1  NEMP2  TUG1  ATP11B  MATR3"
2.08507831561309e-06,65,944,1.99931494530142,"GO:0099513 Polymeric cytoskeletal fiber ","https://amigo.geneontology.org/amigo/term/GO:0099513"," CLASP1  GTSE1  DNM1L  KIF16B  KIF14  CAMSAP2  PLS1  TUBA1B  MACF1  NES  CDK5RAP2  KIF23  KIF20B  CENPE  KIF21A  GAS2L3  KIF2C  SKA1  CLASP2  KIF15  SKA3  KIF5B  CKAP5  AURKB  KNTC1  KIF24  OPA1  ASPM  SPAG5  PARP4  KATNAL1  RIBC2  CLIP1  LRPPRC  KIF11  IQGAP1  CLTC  EML4  ARHGAP18  TSC1  CEP295  CDK1  MYO6  CD2AP  TPX2  KIF4A  EIF3A  MDM1  EHBP1  NEK2  HSPH1  MTUS1  HOOK1  CKAP2  NUSAP1  TTLL7  NEK7  CENPJ  RACGAP1  FIGN  CEP57L1  PRC1  NCKAP1  ZWILCH  PNN"
2.9871076406495e-06,10,34,8.54006021884409,"GO:0090543 Flemming body ","https://amigo.geneontology.org/amigo/term/GO:0090543"," KIF14  KIF23  CEP55  C9orf72  PDCD6IP  EXOC1  EXOC2  CNTRL  EXOC6  RACGAP1"
4.03096137963848e-06,15,85,5.12403613130645,"GO:0005876 Spindle microtubule ","https://amigo.geneontology.org/amigo/term/GO:0005876"," CLASP1  SKA1  CLASP2  SKA3  AURKB  KNTC1  PARP4  KIF11  CENPE  CLTC  CEP295  CDK1  ZWILCH  KIF4A  PRC1"
5.62126005255786e-06,5,6,24.1968372867249,"GO:0070533 Brca1-c complex ","https://amigo.geneontology.org/amigo/term/GO:0070533"," BRCA1  MRE11  RBBP8  NBN  BARD1"
5.62126005255786e-06,5,6,24.1968372867249,"GO:0120099 Procentriole replication complex ","https://amigo.geneontology.org/amigo/term/GO:0120099"," CEP192  STIL  PLK4  CENPJ  SASS6"
1.69329176685355e-05,8,24,9.67873491468997,"GO:1990391 Dna repair complex ","https://amigo.geneontology.org/amigo/term/GO:1990391"," DCLRE1C  PRKDC  TP53BP1  BRCA1  PALB2  BRCA2  FANCI  FANCD2"
1.71543339598996e-05,16,108,4.30165996208443,"GO:0035861 Site of double-strand break ","https://amigo.geneontology.org/amigo/term/GO:0035861"," MRE11  SHLD2  ZGRF1  SMC6  UFL1  POLQ  TP53BP1  RAD18  SMCHD1  RBBP8  NBN  ATF2  MMS22L  SMARCAD1  TOPBP1  ESCO2"
1.73336484569298e-05,10,41,7.08200115709022,"GO:0043596 Nuclear replication fork ","https://amigo.geneontology.org/amigo/term/GO:0043596"," MCM10  POLD3  POLA1  MMS22L  PRIM1  WDHD1  BAZ1B  CDC5L  SMARCAD1  EME1"
1.73336484569298e-05,10,41,7.08200115709022,"GO:0097431 Mitotic spindle pole ","https://amigo.geneontology.org/amigo/term/GO:0097431"," CDK5RAP2  ASPM  SMC1A  SPAG5  STAG2  SMC3  KIF20B  CNTRL  SMC6  AURKB"
2.50793899229687e-05,4,4,29.0362047440699,"GO:0070532 Brca1-b complex ","https://amigo.geneontology.org/amigo/term/GO:0070532"," BRCA1  BRIP1  BARD1  TOPBP1"
3.76934673109616e-05,15,102,4.27003010942205,"GO:0005643 Nuclear pore ","https://amigo.geneontology.org/amigo/term/GO:0005643"," NUP160  TPR  NDC1  NUP133  NUP188  NUP107  NUP155  NUP153  XPO4  RANBP2  NUP205  RANBP17  AHCTF1  NUP50  IPO7"
3.81218738448738e-05,73,1208,1.75467131317641,"GO:0099512 Supramolecular fiber ","https://amigo.geneontology.org/amigo/term/GO:0099512"," PPP1R12A  CLASP1  GTSE1  DNM1L  KIF16B  KIF14  CAMSAP2  PLS1  TUBA1B  MACF1  NES  CDK5RAP2  KIF23  KIF20B  CENPE  KIF21A  GAS2L3  KIF2C  SKA1  CLASP2  KIF15  SKA3  KIF5B  CKAP5  AURKB  KNTC1  KIF24  OPA1  ATP2B4  ASPM  SPAG5  PARP4  KATNAL1  RIBC2  CLIP1  SYNE1  LRPPRC  KIF11  IQGAP1  CLTC  EML4  ARHGAP18  TSC1  CEP295  CDK1  MYO6  CD2AP  TPX2  KIF4A  EIF3A  MDM1  KAT2B  EHBP1  NEK2  HSPH1  DEK  MTUS1  HOOK1  CKAP2  NUSAP1  TTLL7  NEK7  CENPJ  RACGAP1  MTM1  FIGN  CEP57L1  PRC1  NCKAP1  SLC8A1  SCN8A  ZWILCH  PNN"
4.02618336244509e-05,107,1990,1.56124316965602,"GO:1902494 Catalytic complex ","https://amigo.geneontology.org/amigo/term/GO:1902494"," CUL4B  ANKIB1  CDC27  DBF4  BAZ1B  BRCA1  POLR3B  AQR  RB1CC1  POLR2B  TAF2  PSME4  RAD18  POLD3  DIS3  POLE2  DICER1  PNN  POLA1  CUL2  KAT2B  GNB4  SF3B1  PIK3CA  CCNT1  PRKAA1  KAT7  EPRS1  BARD1  PRKACB  UBR3  CCNA2  PIK3R1  TAF5  PAN3  EME1  RNF20  KAT6B  CCNB2  SMC6  CWC22  PBRM1  NAA15  VIRMA  CDK12  RRM1  NAA16  PHC3  MGA  MSL2  CCNE2  SUZ12  RMI1  SOCS4  TAF9B  CHM  PIK3R4  PRIM1  PPP4R3B  RFC1  ZZZ3  MTREX  TPR  PPP1R12A  ERC1  CDC5L  SHOC2  CAND1  PPWD1  ATF2  DEK  TOP2A  EPC2  DNA2  BRCA2  RB1  NCOR1  DTL  SPOPL  C9orf72  DCLRE1C  LEO1  CDK1  ELOVL6  UBE2C  ATAD5  ARID2  IARS1  TOPORS  PRKDC  TP53BP1  CBX5  EEA1  UBE4A  GPD2  RRM2  NRIP1  PALB2  FANCI  FANCD2  RANBP2  BLM  NEDD4  CDK19  ARID4A  FBXO38  BUB1B"
4.39243121846473e-05,9,36,7.25905118601748,"GO:1990752 Microtubule end ","https://amigo.geneontology.org/amigo/term/GO:1990752"," CAMSAP2  CDK5RAP2  CKAP5  ASPM  SPAG5  CLIP1  KIF2C  CLASP2  CLASP1"
4.54217405707761e-05,73,1216,1.74312742295814,"GO:0099081 Supramolecular polymer ","https://amigo.geneontology.org/amigo/term/GO:0099081"," PPP1R12A  CLASP1  GTSE1  DNM1L  KIF16B  KIF14  CAMSAP2  PLS1  TUBA1B  MACF1  NES  CDK5RAP2  KIF23  KIF20B  CENPE  KIF21A  GAS2L3  KIF2C  SKA1  CLASP2  KIF15  SKA3  KIF5B  CKAP5  AURKB  KNTC1  KIF24  OPA1  ATP2B4  ASPM  SPAG5  PARP4  KATNAL1  RIBC2  CLIP1  SYNE1  LRPPRC  KIF11  IQGAP1  CLTC  EML4  ARHGAP18  TSC1  CEP295  CDK1  MYO6  CD2AP  TPX2  KIF4A  EIF3A  MDM1  KAT2B  EHBP1  NEK2  HSPH1  DEK  MTUS1  HOOK1  CKAP2  NUSAP1  TTLL7  NEK7  CENPJ  RACGAP1  MTM1  FIGN  CEP57L1  PRC1  NCKAP1  SLC8A1  SCN8A  ZWILCH  PNN"
6.81457611672434e-05,20,180,3.22624497156332,"GO:0036064 Ciliary basal body ","https://amigo.geneontology.org/amigo/term/GO:0036064"," OFD1  PCM1  KIAA0586  SSX2IP  NEDD1  RTTN  TOPORS  ERC1  CDC45  DAAM1  WDR11  IFT81  CEP78  TBC1D31  SPAG5  CENPF  CENPJ  C2CD3  CAMSAP2  PJA2"
0.000183065024257908,30,366,2.38001678230081,"GO:0061695 Transferase complex transferring phosphorus-containing groups ","https://amigo.geneontology.org/amigo/term/GO:0061695"," DBF4  POLR3B  RB1CC1  POLR2B  TAF2  POLD3  POLE2  POLA1  PIK3CA  CCNT1  PRKAA1  PRKACB  CCNA2  PIK3R1  TAF5  CCNB2  CDK12  CCNE2  SOCS4  TAF9B  PIK3R4  PRIM1  ERC1  DNA2  RB1  C9orf72  LEO1  CDK1  PRKDC  CDK19"
0.000227911560486375,63,1052,1.7388601700346,"GO:0140535 Intracellular protein-containing complex ","https://amigo.geneontology.org/amigo/term/GO:0140535"," CUL4B  ANKIB1  CDC27  BRCA1  POLR3B  POLR2B  TAF2  PSME4  RAD18  POLD3  POLE2  DICER1  POLA1  CUL2  EIF4G2  KAT2B  CNOT1  PRKAA1  KAT7  EPRS1  NCBP1  BARD1  PRKACB  UBR3  TAF5  EME1  RNF20  KAT6B  RACGAP1  NAA15  NAA16  CEP83  PHC3  MSL2  TAF9B  PRIM1  ZZZ3  CAND1  ECT2  ATF2  CNTRL  EPC2  WASHC4  KIF23  DNA2  BRCA2  DTL  SPOPL  C9orf72  DCLRE1C  TSC1  LEO1  MALT1  UBE2C  IARS1  TOPORS  PRKDC  UBE4A  CENPF  TRAPPC11  NEDD4  FBXO38  BUB1B"
0.000267243379983754,28,337,2.412503658261,"GO:0005938 Cell cortex ","https://amigo.geneontology.org/amigo/term/GO:0005938"," ANLN  EXOC5  CLASP1  ERC1  EXOC1  OSBPL8  EXOC2  ECT2  CLIP1  ARHGAP32  EXOC6  IQGAP1  EXOC6B  CLASP2  NEDD4  EPB41L2  C2CD5  DLC1  MELK  TSC1  PLS1  STIL  HMCN1  ADD3  EPS8  PLEKHH2  TRAF6  MYO6"
0.000292309947268399,4,6,19.3574698293799,"GO:0030892 Mitotic cohesin complex ","https://amigo.geneontology.org/amigo/term/GO:0030892"," SMC3  SMC1A  STAG2  RAD21"
0.000295657384739151,12,81,4.30165996208443,"GO:0017053 Transcription repressor complex ","https://amigo.geneontology.org/amigo/term/GO:0017053"," DEPDC1  REST  ARID4A  RBBP8  NCOR1  RBPJ  PRDM10  LIN54  MIER1  ZNF224  CBX5  LIN9"
0.000295657384739151,7,26,7.81743973878805,"GO:0035371 Microtubule plus-end ","https://amigo.geneontology.org/amigo/term/GO:0035371"," CDK5RAP2  CKAP5  SPAG5  CLIP1  KIF2C  CLASP2  CLASP1"
0.000416904980079711,12,84,4.14802924915285,"GO:0000792 Heterochromatin ","https://amigo.geneontology.org/amigo/term/GO:0000792"," ATRX  CBX5  HELLS  TOP2B  CENPC  NCAPD3  BAZ1B  EME1  SMARCAD1  ESCO2  SUZ12  WDR76"
0.000426424674880532,5,12,12.0984186433625,"GO:0042405 Nuclear inclusion body ","https://amigo.geneontology.org/amigo/term/GO:0042405"," TPR  RAD18  NBN  NUP153  RANBP2"
0.000542246256413156,3,3,29.0362047440699,"GO:0044611 Nuclear pore inner ring ","https://amigo.geneontology.org/amigo/term/GO:0044611"," NUP188  NUP155  NUP205"
0.000542246256413156,3,3,29.0362047440699,"GO:0097149 Centralspindlin complex ","https://amigo.geneontology.org/amigo/term/GO:0097149"," RACGAP1  ECT2  KIF23"
0.000550031278982095,6,20,8.71086142322097,"GO:0000939 Inner kinetochore ","https://amigo.geneontology.org/amigo/term/GO:0000939"," CENPI  CENPQ  CENPK  CENPC  CENPU  CENPN"
0.000631205509873049,5,13,11.1677710554115,"GO:0031261 Dna replication preinitiation complex ","https://amigo.geneontology.org/amigo/term/GO:0031261"," CDC45  GINS2  ORC3  GINS4  MCM6"
0.000897362735647313,38,564,1.95634003594797,"GO:0005667 Transcription regulator complex ","https://amigo.geneontology.org/amigo/term/GO:0005667"," HLTF  ATF2  MYB  NCOA2  E2F2  DEPDC1  TAF2  RBL1  REST  MED23  TAF1B  NR5A2  E2F8  CLOCK  RB1  TAF5  THRB  E2F7  ATF7IP  MED14  TAF9B  ARID4A  NCOA1  HIF1A  RBBP8  NCOR1  NAA15  RBPJ  PRDM10  LIN54  MIER1  PRKDC  ZNF224  CBX5  CEBPZ  LIN9  BACH1  NAA16"
0.000897362735647313,7,31,6.55656236156417,"GO:0005721 Pericentric heterochromatin ","https://amigo.geneontology.org/amigo/term/GO:0005721"," ATRX  CBX5  HELLS  CENPC  NCAPD3  BAZ1B  ESCO2"
0.000914112141956521,9,53,4.93067627729489,"GO:0005871 Kinesin complex ","https://amigo.geneontology.org/amigo/term/GO:0005871"," KIF16B  KIF14  KIF23  KIF20B  KIF21A  KIF2C  KIF15  KIF5B  KIF11"
0.00132744316626054,7,33,6.1591949457118,"GO:0000803 Sex chromosome ","https://amigo.geneontology.org/amigo/term/GO:0000803"," SMCHD1  BRCA1  BIRC2  PLK4  SMC6  ESCO2  SUZ12"
0.00138394769861396,9,56,4.66653290529695,"GO:0008023 Transcription elongation factor complex ","https://amigo.geneontology.org/amigo/term/GO:0008023"," SUPT16H  CCNT1  CDK12  ICE2  RB1  MMS22L  ICE1  LEO1  TTF2"
0.00174282975709818,14,129,3.15121601873627,"GO:0016605 Pml body ","https://amigo.geneontology.org/amigo/term/GO:0016605"," HIPK3  MORC3  MRE11  NBN  ZNF451  RB1  SMC6  TOPBP1  ATR  BLM  TOPORS  PIAS1  ATRX  CBX5"
0.00177162711180715,5,16,9.07381398252185,"GO:0000800 Lateral element ","https://amigo.geneontology.org/amigo/term/GO:0000800"," SYCP2  BRCA1  BRCA2  BLM  SMC3"
0.00237204237846476,5,17,8.54006021884409,"GO:0000145 Exocyst ","https://amigo.geneontology.org/amigo/term/GO:0000145"," EXOC5  EXOC1  EXOC2  EXOC6  EXOC6B"
0.00237204237846476,5,17,8.54006021884409,"GO:0072687 Meiotic spindle ","https://amigo.geneontology.org/amigo/term/GO:0072687"," ASPM  FBXO5  CNTRL  BORA  SKA3"
0.00277222314926756,4,10,11.614481897628,"GO:0031080 Nuclear pore outer ring ","https://amigo.geneontology.org/amigo/term/GO:0031080"," NUP133  NUP107  NUP160  AHCTF1"
0.00306151973878996,7,38,5.34877455811814,"GO:0051233 Spindle midzone ","https://amigo.geneontology.org/amigo/term/GO:0051233"," RACGAP1  AURKB  PRC1  CDC6  KIF14  KIF20B  CENPE"
0.00365681019892057,10,78,3.72259035180383,"GO:0099023 Vesicle tethering complex ","https://amigo.geneontology.org/amigo/term/GO:0099023"," EXOC5  EXOC1  EXOC2  COG6  EXOC6  EXOC6B  NBAS  VPS8  HOOK1  TRAPPC11"
0.00371818728895403,12,108,3.22624497156332,"GO:0031248 Protein acetyltransferase complex ","https://amigo.geneontology.org/amigo/term/GO:0031248"," KAT2B  KAT7  KAT6B  NAA15  NAA16  MSL2  ZZZ3  TAF2  ATF2  EPC2  TAF5  TAF9B"
0.00391990351812401,4,11,10.5586199069345,"GO:0008278 Cohesin complex ","https://amigo.geneontology.org/amigo/term/GO:0008278"," SMC1A  STAG2  SMC3  RAD21"
0.00391990351812401,4,11,10.5586199069345,"GO:0071162 Cmg complex ","https://amigo.geneontology.org/amigo/term/GO:0071162"," MCM6  CDC45  GINS2  GINS4"
0.00391990351812401,12,109,3.19664639384256,"GO:1902493 Acetyltransferase complex ","https://amigo.geneontology.org/amigo/term/GO:1902493"," KAT2B  KAT7  KAT6B  NAA15  NAA16  MSL2  ZZZ3  TAF2  ATF2  EPC2  TAF5  TAF9B"
0.00393981653416126,3,5,17.4217228464419,"GO:0031262 Ndc80 complex ","https://amigo.geneontology.org/amigo/term/GO:0031262"," NDC80  NUF2  SPC25"
0.00485547577571903,5,20,7.25905118601748,"GO:0042575 Dna polymerase complex ","https://amigo.geneontology.org/amigo/term/GO:0042575"," POLD3  POLE2  POLA1  PRIM1  DNA2"
0.00955659689872831,5,23,6.31221842262389,"GO:0005828 Kinetochore microtubule ","https://amigo.geneontology.org/amigo/term/GO:0005828"," KNTC1  CENPE  ZWILCH  CLASP1  CLASP2"
0.00986737265227784,8,60,3.87149396587599,"GO:0000307 Cyclin-dependent protein kinase holoenzyme complex ","https://amigo.geneontology.org/amigo/term/GO:0000307"," CCNT1  CCNA2  CCNB2  CDK12  CCNE2  RB1  CDK1  CDK19"
0.010303535166729,4,14,8.29605849830569,"GO:0019908 Nuclear cyclin-dependent protein kinase holoenzyme complex ","https://amigo.geneontology.org/amigo/term/GO:0019908"," CCNT1  CDK12  RB1  CDK19"
0.0117314246591686,16,195,2.38245782515445,"GO:0001726 Ruffle ","https://amigo.geneontology.org/amigo/term/GO:0001726"," EPS8  MYO6  C2CD5  MACF1  ITGAV  IQGAP1  ARHGAP18  CLASP2  DLC1  MTM1  CD2AP  ROCK1  TRPM7  CLIP1  RASA1  NCKAP1"
0.0131821811551498,21,294,2.07401462457642,"GO:0036464 Cytoplasmic ribonucleoprotein granule ","https://amigo.geneontology.org/amigo/term/GO:0036464"," RC3H2  ROCK1  TDRD1  CNOT1  RC3H1  UHMK1  PAN3  DDX3X  PABPC4L  DCP1A  POLI  SYNE1  ROCK2  BARD1  IQGAP1  C9orf72  MBNL1  DHX36  XRN1  CLOCK  SMG1"
0.013203539209378,4,15,7.74298793175198,"GO:1990023 Mitotic spindle midzone ","https://amigo.geneontology.org/amigo/term/GO:1990023"," PRC1  KIF20B  CENPE  AURKB"
0.0132316700654136,22,315,2.02792541069695,"GO:0035770 Ribonucleoprotein granule ","https://amigo.geneontology.org/amigo/term/GO:0035770"," RC3H2  ROCK1  TDRD1  FASTKD2  CNOT1  RC3H1  UHMK1  PAN3  DDX3X  PABPC4L  DCP1A  POLI  SYNE1  ROCK2  BARD1  IQGAP1  C9orf72  MBNL1  DHX36  XRN1  CLOCK  SMG1"
0.0132316700654136,44,795,1.60703523111833,"GO:0048471 Perinuclear region of cytoplasm ","https://amigo.geneontology.org/amigo/term/GO:0048471"," HSP90AA1  HSP90B1  PKN2  SLK  ARFGEF1  NEDD4  DNM1L  DICER1  RAPGEF2  PATJ  CDK5RAP2  LRPPRC  SEC31A  BUB1B  ATP7A  TRAF6  MYO6  ZNF675  SLC5A3  HEATR5B  CCAR1  EXOC1  DAAM1  LNPEP  PIKFYVE  CENPF  CNTRL  SYNE1  FIGNL1  SBF2  KIF20B  EXOC6  USO1  PIK3R1  RANBP2  CDK19  RASA2  CDC25C  AP1G1  MALT1  TAOK1  PIK3CA  TSC1  KIF5B"
0.0157027344956162,15,183,2.38001678230081,"GO:1902911 Protein kinase complex ","https://amigo.geneontology.org/amigo/term/GO:1902911"," DBF4  RB1CC1  CCNT1  PRKAA1  PRKACB  CCNA2  CCNB2  CDK12  CCNE2  ERC1  RB1  C9orf72  CDK1  PRKDC  CDK19"
0.0174295243339178,10,98,2.96287803510917,"GO:0000123 Histone acetyltransferase complex ","https://amigo.geneontology.org/amigo/term/GO:0000123"," KAT2B  KAT7  KAT6B  MSL2  ZZZ3  TAF2  ATF2  EPC2  TAF5  TAF9B"
0.0174295243339178,3,8,10.8885767790262,"GO:0008024 Cyclin/cdk positive transcription elongation factor complex ","https://amigo.geneontology.org/amigo/term/GO:0008024"," CCNT1  CDK12  RB1"
0.0174295243339178,3,8,10.8885767790262,"GO:0030893 Meiotic cohesin complex ","https://amigo.geneontology.org/amigo/term/GO:0030893"," SMC1A  RAD21  SMC3"
0.0174295243339178,115,2572,1.29827509547746,"GO:0042995 Cell projection ","https://amigo.geneontology.org/amigo/term/GO:0042995"," OFD1  SYT1  NEDD4  PCM1  NRCAM  KIAA0586  SPG11  STRN  TRAK2  SSX2IP  IFT81  EPHA7  TTLL7  NEDD1  EPS8  UHMK1  WDR19  BRINP3  NPY1R  CEP83  RTTN  SLC8A1  MYO6  TOPORS  ANLN  KITLG  PKN2  ERC1  CDC45  DAAM1  ZC3H14  C2CD5  CNTRL  WDR11  USP9X  MACF1  RIBC2  ITGAV  KIF21A  IQGAP1  ARHGAP18  C9orf72  CEP78  PLEKHH2  TBC1D31  PKD1L1  CLASP2  PTPN13  DLC1  TSC1  MTM1  NF1  CD2AP  UFL1  SLC4A7  ATP2B4  NCKAP1  ROCK1  ATP2B1  PALS1  SPAG5  HSP90AA1  TPX2  KIZ  KIF4A  ITGA6  TRPM7  HIF1A  PLCB4  EEA1  CCP110  TJP1  ANKMY2  EIF4G2  SLC38A1  XRN1  ALMS1  DOCK7  CENPF  CAMSAP2  PLS1  PIK3CA  AKAP9  CLIP1  SYNE1  PRKAA1  AP3B1  SBF2  IL6ST  ARHGAP32  CEP350  KIF20B  EXOC6  PRKACB  CTTNBP2NL  SLC4A10  RASA1  CENPJ  AK9  ATP7A  RRM1  C2CD3  KIF5B  DHX36  NECTIN3  ZDHHC17  PIK3R4  SCN8A  OPA1  DDX3X  DCP1A  RAPGEF2  PJA2  SEMA6A  TNPO1"
0.0174295243339178,3,8,10.8885767790262,"GO:0110016 B-wich complex ","https://amigo.geneontology.org/amigo/term/GO:0110016"," BAZ1B  SF3B1  DEK"
0.0187406328232726,14,169,2.40536607347325,"GO:1902554 Serine/threonine protein kinase complex ","https://amigo.geneontology.org/amigo/term/GO:1902554"," DBF4  RB1CC1  CCNT1  PRKACB  CCNA2  CCNB2  CDK12  CCNE2  ERC1  RB1  C9orf72  CDK1  PRKDC  CDK19"
0.0191778757901106,4,17,6.83204817507527,"GO:0001741 Xy body ","https://amigo.geneontology.org/amigo/term/GO:0001741"," BRCA1  BIRC2  PLK4  ESCO2"
0.0191778757901106,4,17,6.83204817507527,"GO:0010369 Chromocenter ","https://amigo.geneontology.org/amigo/term/GO:0010369"," CBX5  OIP5  ESCO2  AURKB"
0.0191778757901106,20,286,2.03050382825664,"GO:0090575 Rna polymerase ii transcription regulator complex ","https://amigo.geneontology.org/amigo/term/GO:0090575"," HLTF  ATF2  MYB  NCOA2  E2F2  TAF2  NR5A2  E2F8  CLOCK  RB1  TAF5  THRB  E2F7  MED14  TAF9B  NCOA1  HIF1A  CEBPZ  MED23  BACH1"
0.0193884055871727,28,455,1.78684336886584,"GO:0031252 Cell leading edge ","https://amigo.geneontology.org/amigo/term/GO:0031252"," EPS8  MYO6  CD2AP  KITLG  PKN2  C2CD5  MACF1  ITGAV  IQGAP1  ARHGAP18  PLEKHH2  PTPRK  CLASP2  PTPN13  DLC1  TSC1  MTM1  DDX3X  NCKAP1  SLK  ROCK1  TRPM7  SSX2IP  PIK3CA  CLIP1  CTTNBP2NL  RASA1  ATP7A"
0.020964097375606,14,172,2.3634120140522,"GO:0001650 Fibrillar center ","https://amigo.geneontology.org/amigo/term/GO:0001650"," ARHGAP32  STAG2  HEATR1  USO1  NEDD1  DDX46  DSN1  PTPN13  LEO1  FAM111A  MALT1  NRIP1  CD2AP  DCLRE1A"
0.0216247687924532,7,55,3.69551696742708,"GO:0000152 Nuclear ubiquitin ligase complex ","https://amigo.geneontology.org/amigo/term/GO:0000152"," CDC27  BRCA1  BARD1  PHC3  BRCA2  UBE2C  BUB1B"
0.0243178627439452,109,2449,1.29234230996473,"GO:0120025 Plasma membrane bounded cell projection ","https://amigo.geneontology.org/amigo/term/GO:0120025"," OFD1  SYT1  NEDD4  PCM1  NRCAM  KIAA0586  SPG11  STRN  TRAK2  SSX2IP  IFT81  EPHA7  TTLL7  NEDD1  EPS8  UHMK1  WDR19  BRINP3  NPY1R  CEP83  RTTN  SLC8A1  MYO6  TOPORS  ANLN  KITLG  PKN2  ERC1  CDC45  DAAM1  ZC3H14  C2CD5  CNTRL  WDR11  USP9X  MACF1  RIBC2  ITGAV  KIF21A  IQGAP1  ARHGAP18  C9orf72  CEP78  PLEKHH2  TBC1D31  PKD1L1  CLASP2  PTPN13  DLC1  TSC1  MTM1  NF1  CD2AP  UFL1  SLC4A7  ATP2B4  NCKAP1  ROCK1  PALS1  SPAG5  HSP90AA1  TPX2  KIF4A  ITGA6  TRPM7  HIF1A  PLCB4  EEA1  CCP110  ANKMY2  EIF4G2  SLC38A1  XRN1  ALMS1  DOCK7  CENPF  PLS1  PIK3CA  AKAP9  CLIP1  SYNE1  PRKAA1  AP3B1  SBF2  IL6ST  ARHGAP32  KIF20B  EXOC6  PRKACB  CTTNBP2NL  SLC4A10  RASA1  CENPJ  AK9  ATP7A  C2CD3  KIF5B  DHX36  NECTIN3  PIK3R4  SCN8A  OPA1  DDX3X  DCP1A  RAPGEF2  CAMSAP2  PJA2  SEMA6A  TNPO1"
0.0263152965585475,2,3,19.3574698293799,"GO:0005971 Ribonucleoside-diphosphate reductase complex ","https://amigo.geneontology.org/amigo/term/GO:0005971"," RRM1  RRM2"
0.0263152965585475,2,3,19.3574698293799,"GO:0031391 Elg1 rfc-like complex ","https://amigo.geneontology.org/amigo/term/GO:0031391"," RFC1  ATAD5"
0.0263152965585475,2,3,19.3574698293799,"GO:0031436 Brca1-bard1 complex ","https://amigo.geneontology.org/amigo/term/GO:0031436"," BRCA1  BARD1"
0.0263152965585475,2,3,19.3574698293799,"GO:0120098 Procentriole ","https://amigo.geneontology.org/amigo/term/GO:0120098"," CEP192  PLK4"
0.0263152965585475,2,3,19.3574698293799,"GO:1990423 Rzz complex ","https://amigo.geneontology.org/amigo/term/GO:1990423"," ZWILCH  KNTC1"
0.0274568069643579,7,58,3.5043695380774,"GO:0032154 Cleavage furrow ","https://amigo.geneontology.org/amigo/term/GO:0032154"," RACGAP1  PKN2  ECT2  MASTL  CEP55  PLK4  HMCN1"
0.0324027599417609,4,20,5.80724094881398,"GO:0000930 Gamma-tubulin complex ","https://amigo.geneontology.org/amigo/term/GO:0000930"," CDK5RAP2  TOPORS  BRCA1  CENPJ"
0.0365467817200796,8,77,3.01674854483843,"GO:0032153 Cell division site ","https://amigo.geneontology.org/amigo/term/GO:0032153"," ANLN  RACGAP1  PKN2  ECT2  MASTL  CEP55  PLK4  HMCN1"
0.0382610256164171,4,21,5.53070566553713,"GO:0032039 Integrator complex ","https://amigo.geneontology.org/amigo/term/GO:0032039"," INTS13  INTS2  INTS7  NIPBL"
0.0388675750963805,3,11,7.91896493020089,"GO:0032300 Mismatch repair complex ","https://amigo.geneontology.org/amigo/term/GO:0032300"," MSH2  MSH6  MSH3"
0.0388675750963805,3,11,7.91896493020089,"GO:0042555 Mcm complex ","https://amigo.geneontology.org/amigo/term/GO:0042555"," MCM6  MCM8  MMS22L"
0.0388675750963805,3,11,7.91896493020089,"GO:0070938 Contractile ring ","https://amigo.geneontology.org/amigo/term/GO:0070938"," ANLN  KIF20B  PRC1"
0.0391379638788144,13,168,2.24684917662446,"GO:0005875 Microtubule associated complex ","https://amigo.geneontology.org/amigo/term/GO:0005875"," KIF16B  KIF4A  KIF14  KIF23  KIF20B  KIF21A  KIF2C  KIF15  KIF5B  AURKB  TPR  KATNAL1  KIF11"
0.0431592834053868,37,695,1.54581233889293,"GO:0030424 Axon ","https://amigo.geneontology.org/amigo/term/GO:0030424"," SYT1  NRCAM  SPG11  SLC8A1  ZC3H14  USP9X  KIF21A  C9orf72  CLASP2  NF1  PALS1  HSP90AA1  TPX2  KIF4A  HIF1A  EEA1  EIF4G2  SLC38A1  TRAK2  DOCK7  PRKAA1  AP3B1  SBF2  KIF20B  EXOC6  SLC4A10  EPS8  UHMK1  ATP7A  KIF5B  DHX36  NECTIN3  SCN8A  CD2AP  OPA1  IQGAP1  SEMA6A"
0.0432128940589948,4,22,5.27930995346726,"GO:0043601 Nuclear replisome ","https://amigo.geneontology.org/amigo/term/GO:0043601"," POLD3  POLA1  PRIM1  CDC5L"
0.0459485125736251,2,4,14.518102372035,"GO:0035101 Fact complex ","https://amigo.geneontology.org/amigo/term/GO:0035101"," SUPT16H  MMS22L"
0.0459485125736251,2,4,14.518102372035,"GO:0035363 Histone locus body ","https://amigo.geneontology.org/amigo/term/GO:0035363"," ICE2  ICE1"
0.0459485125736251,2,4,14.518102372035,"GO:0170027 Ska complex ","https://amigo.geneontology.org/amigo/term/GO:0170027"," SKA1  SKA3"
0.0492515622032908,4,23,5.04977473809912,"GO:0000242 Pericentriolar material ","https://amigo.geneontology.org/amigo/term/GO:0000242"," CEP192  CDK5RAP2  NEDD1  PCM1"
0.0495951572845287,31,564,1.59596160827335,"GO:0015629 Actin cytoskeleton ","https://amigo.geneontology.org/amigo/term/GO:0015629"," ANLN  DAAM1  PLS1  MACF1  ARHGAP32  GAS2L3  CTTNBP2NL  MYO6  CENPQ  PPP1R12A  NDC1  ARHGAP21  SHLD2  TAF5  TOPBP1  DLC1  TSC1  KNTC1  CD2AP  TJP1  KAT2B  EHBP1  SYNE1  IQGAP1  PLEKHH2  SCN8A  NCKAP1  ERC1  DGKH  PDCD6IP  EPB41L2"
0.0495951572845287,7,66,3.0795974728559,"GO:1904115 Axon cytoplasm ","https://amigo.geneontology.org/amigo/term/GO:1904115"," ZC3H14  KIF4A  HIF1A  TRAK2  AP3B1  KIF5B  OPA1"
0.0561489931320422,4,24,4.83936745734499,"GO:0030894 Replisome ","https://amigo.geneontology.org/amigo/term/GO:0030894"," POLD3  POLA1  PRIM1  CDC5L"
0.0653162336135631,2,5,11.614481897628,"GO:0000811 Gins complex ","https://amigo.geneontology.org/amigo/term/GO:0000811"," GINS2  GINS4"
0.0653162336135631,2,5,11.614481897628,"GO:0005658 Alpha dna polymerase:primase complex ","https://amigo.geneontology.org/amigo/term/GO:0005658"," POLA1  PRIM1"
0.0653162336135631,2,5,11.614481897628,"GO:0005663 Dna replication factor c complex ","https://amigo.geneontology.org/amigo/term/GO:0005663"," RFC3  RFC1"
0.0653162336135631,9,105,2.48881754949171,"GO:0030117 Membrane coat ","https://amigo.geneontology.org/amigo/term/GO:0030117"," AP4E1  EPS15  COPB1  SEC31A  SEC24B  CLTC  AP1G1  AP2B1  AP3B1"
0.0653162336135631,2,5,11.614481897628,"GO:0030981 Cortical microtubule cytoskeleton ","https://amigo.geneontology.org/amigo/term/GO:0030981"," CLASP1  CLASP2"
0.0653162336135631,2,5,11.614481897628,"GO:0031415 Nata complex ","https://amigo.geneontology.org/amigo/term/GO:0031415"," NAA15  NAA16"
0.0653162336135631,2,5,11.614481897628,"GO:0031422 Recq family helicase-topoisomerase iii complex ","https://amigo.geneontology.org/amigo/term/GO:0031422"," RMI1  BLM"
0.0653162336135631,2,5,11.614481897628,"GO:0033202 Dna helicase complex ","https://amigo.geneontology.org/amigo/term/GO:0033202"," RMI1  BLM"
0.0653162336135631,3,14,6.22204387372927,"GO:0033391 Chromatoid body ","https://amigo.geneontology.org/amigo/term/GO:0033391"," TDRD1  CLOCK  SMG1"
0.0653162336135631,2,5,11.614481897628,"GO:0035189 Rb-e2f complex ","https://amigo.geneontology.org/amigo/term/GO:0035189"," RB1  E2F2"
0.0653162336135631,3,14,6.22204387372927,"GO:0044615 Nuclear pore nuclear basket ","https://amigo.geneontology.org/amigo/term/GO:0044615"," TPR  NUP153  RANBP2"
0.0653162336135631,20,329,1.76511882942674,"GO:0045178 Basal part of cell ","https://amigo.geneontology.org/amigo/term/GO:0045178"," SLC4A7  CLASP1  MET  SLC4A10  CLASP2  TJP1  ERBIN  SLC39A8  ATP7A  ATP2B4  ATP2B1  HSP90AA1  EPS15  SLC38A1  STXBP3  IQGAP1  ENPP1  SLC5A3  IDE  DOCK7"
0.0653162336135631,2,5,11.614481897628,"GO:0045180 Basal cortex ","https://amigo.geneontology.org/amigo/term/GO:0045180"," CLASP1  CLASP2"
0.0653162336135631,9,105,2.48881754949171,"GO:0048475 Coated membrane ","https://amigo.geneontology.org/amigo/term/GO:0048475"," AP4E1  EPS15  COPB1  SEC31A  SEC24B  CLTC  AP1G1  AP2B1  AP3B1"
0.0653162336135631,3,14,6.22204387372927,"GO:1990531 Phospholipid-translocating atpase complex ","https://amigo.geneontology.org/amigo/term/GO:1990531"," ATP11C  ATP8A1  ATP11B"
0.0676986514145767,9,107,2.4422975952956,"GO:0045171 Intercellular bridge ","https://amigo.geneontology.org/amigo/term/GO:0045171"," TPX2  CDC6  CDC7  KIF20B  CENPE  SKA1  PRC1  KIF23  CEP55"
0.0742752661144478,5,41,3.54100057854511,"GO:0070461 Saga-type complex ","https://amigo.geneontology.org/amigo/term/GO:0070461"," KAT2B  ZZZ3  TAF2  TAF5  TAF9B"
0.0748118136390157,4,27,4.30165996208443,"GO:0032839 Dendrite cytoplasm ","https://amigo.geneontology.org/amigo/term/GO:0032839"," ZC3H14  TRAK2  UHMK1  KIF5B"
0.0751744499409693,8,91,2.55263338409406,"GO:0120111 Neuron projection cytoplasm ","https://amigo.geneontology.org/amigo/term/GO:0120111"," UHMK1  ZC3H14  KIF4A  HIF1A  TRAK2  AP3B1  KIF5B  OPA1"
0.0797539622893591,5,42,3.4566910409607,"GO:0000795 Synaptonemal complex ","https://amigo.geneontology.org/amigo/term/GO:0000795"," SYCP2  BRCA1  BRCA2  BLM  SMC3"
0.0797539622893591,5,42,3.4566910409607,"GO:0099086 Synaptonemal structure ","https://amigo.geneontology.org/amigo/term/GO:0099086"," SYCP2  BRCA1  BRCA2  BLM  SMC3"
0.0816219242926642,20,340,1.70801204376882,"GO:0000151 Ubiquitin ligase complex ","https://amigo.geneontology.org/amigo/term/GO:0000151"," CUL4B  ANKIB1  CDC27  BRCA1  RAD18  CUL2  BARD1  UBR3  RNF20  PHC3  CAND1  BRCA2  DTL  SPOPL  UBE2C  TOPORS  UBE4A  NEDD4  FBXO38  BUB1B"
0.0868596886907117,2,6,9.67873491468997,"GO:0000347 Tho complex ","https://amigo.geneontology.org/amigo/term/GO:0000347"," THOC1  THOC2"
0.0868596886907117,2,6,9.67873491468997,"GO:0000445 Tho complex part of transcription export complex ","https://amigo.geneontology.org/amigo/term/GO:0000445"," THOC1  THOC2"
0.0868596886907117,2,6,9.67873491468997,"GO:0005642 Annulate lamellae ","https://amigo.geneontology.org/amigo/term/GO:0005642"," XPO1  RANBP2"
0.0868596886907117,2,6,9.67873491468997,"GO:0031465 Cul4b-ring e3 ubiquitin ligase complex ","https://amigo.geneontology.org/amigo/term/GO:0031465"," CUL4B  DTL"
0.0868596886907117,2,6,9.67873491468997,"GO:0032301 Mutsalpha complex ","https://amigo.geneontology.org/amigo/term/GO:0032301"," MSH2  MSH6"
0.0868596886907117,3,16,5.44428838951311,"GO:0071203 Wash complex ","https://amigo.geneontology.org/amigo/term/GO:0071203"," WASHC4  WASHC5  DNAJC13"
0.0868596886907117,2,6,9.67873491468997,"GO:0098536 Deuterosome ","https://amigo.geneontology.org/amigo/term/GO:0098536"," PLK4  SASS6"
0.0918127163428939,40,819,1.41812965783003,"GO:1990904 Ribonucleoprotein complex ","https://amigo.geneontology.org/amigo/term/GO:1990904"," AQR  CDC5L  PNN  EIF3A  DHX15  MDN1  SF3B1  HEATR1  UTP20  CWF19L2  CWC22  BMS1  SRP72  PRPF40A  PABPC4L  BRCA1  MTREX  ARFGEF1  XPO1  CBX5  DICER1  ZC3H14  PPWD1  WDR75  NSRP1  TOP2A  EPRS1  NCBP1  DDX46  LARP7  DDX3X  PRKDC  TDRD1  PARP4  TTF2  WDR36  LRPPRC  IQGAP1  SUZ12  TOP2B"
0.0970103996945327,4,30,3.87149396587599,"GO:0005942 Phosphatidylinositol 3-kinase complex ","https://amigo.geneontology.org/amigo/term/GO:0005942"," PIK3CA  PIK3R1  SOCS4  PIK3R4"
0.0970103996945327,8,97,2.39473853559339,"GO:0010494 Cytoplasmic stress granule ","https://amigo.geneontology.org/amigo/term/GO:0010494"," RC3H2  ROCK1  RC3H1  PABPC4L  C9orf72  MBNL1  DHX36  DDX3X"
0.0970103996945327,4,30,3.87149396587599,"GO:0044295 Axonal growth cone ","https://amigo.geneontology.org/amigo/term/GO:0044295"," KIF21A  C9orf72  CLASP2  HSP90AA1"
0.0970103996945327,4,30,3.87149396587599,"GO:0071782 Endoplasmic reticulum tubular network ","https://amigo.geneontology.org/amigo/term/GO:0071782"," OSBPL8  LNPK  RAB3GAP1  ARL6IP1"
0.0977747225955269,3,17,5.12403613130645,"GO:0016586 Rsc-type complex ","https://amigo.geneontology.org/amigo/term/GO:0016586"," PBRM1  SUZ12  ARID2"
0.0977747225955269,3,17,5.12403613130645,"GO:0090443 Far/sin/stripak complex ","https://amigo.geneontology.org/amigo/term/GO:0090443"," STRN  STRIP2  CTTNBP2NL"
0.0977747225955269,3,17,5.12403613130645,"GO:1990498 Mitotic spindle microtubule ","https://amigo.geneontology.org/amigo/term/GO:1990498"," CLTC  SKA1  CEP295"
0.10031803271518,31,608,1.48046438662199,"GO:0098978 Glutamatergic synapse ","https://amigo.geneontology.org/amigo/term/GO:0098978"," AKAP9  CLASP2  AP2B1  PIAS1  ATP2B4  SYT1  ATP2B1  SENP1  EPS15  NRCAM  JAK2  DAAM1  PLCB4  MIB1  EEA1  ERBIN  ATP8A1  SYNE1  ARHGAP32  EPHA7  KIF2C  C9orf72  EPS8  ARHGAP12  CPSF2  TRAF6  ZDHHC17  IL1RAP  NF1  SCN8A  PJA2"
0.110323804039547,2,7,8.29605849830569,"GO:0030870 Mre11 complex ","https://amigo.geneontology.org/amigo/term/GO:0030870"," MRE11  NBN"
0.110323804039547,2,7,8.29605849830569,"GO:0036449 Microtubule minus-end ","https://amigo.geneontology.org/amigo/term/GO:0036449"," CAMSAP2  ASPM"
0.111899178412887,6,64,2.72214419475655,"GO:0005637 Nuclear inner membrane ","https://amigo.geneontology.org/amigo/term/GO:0005637"," DPY19L3  LRPPRC  NEMP1  NEMP2  ATP11B  MATR3"
0.127215731667394,4,33,3.51953996897817,"GO:0031941 Filamentous actin ","https://amigo.geneontology.org/amigo/term/GO:0031941"," MYO6  CD2AP  EHBP1  NCKAP1"
0.127730099829303,3,19,4.58466390695841,"GO:0033276 Transcription factor tftc complex ","https://amigo.geneontology.org/amigo/term/GO:0033276"," TAF2  TAF5  TAF9B"
0.131480716642313,15,250,1.74217228464419,"GO:0032993 Protein-dna complex ","https://amigo.geneontology.org/amigo/term/GO:0032993"," POLD3  CDC45  POLA1  POT1  GINS2  ORC3  GINS4  PRIM1  CDC5L  EPC2  PRKDC  KDM5A  KAT6B  SUZ12  MCM6"
0.137654707765418,2,8,7.25905118601748,"GO:0000808 Origin recognition complex ","https://amigo.geneontology.org/amigo/term/GO:0000808"," ORC3  ORC1"
0.137654707765418,2,8,7.25905118601748,"GO:0005664 Nuclear origin of replication recognition complex ","https://amigo.geneontology.org/amigo/term/GO:0005664"," ORC3  ORC1"
0.137654707765418,9,125,2.09060674157303,"GO:0030863 Cortical cytoskeleton ","https://amigo.geneontology.org/amigo/term/GO:0030863"," ANLN  ERC1  CLASP1  CLASP2  DLC1  PLS1  IQGAP1  PLEKHH2  EPB41L2"
0.137654707765418,2,8,7.25905118601748,"GO:0031390 Ctf18 rfc-like complex ","https://amigo.geneontology.org/amigo/term/GO:0031390"," DSCC1  RFC3"
0.139110728509218,6,68,2.56201806565323,"GO:0030120 Vesicle coat ","https://amigo.geneontology.org/amigo/term/GO:0030120"," COPB1  SEC31A  SEC24B  AP1G1  AP2B1  CLTC"
0.160041438186716,3,21,4.14802924915285,"GO:0030132 Clathrin coat of coated pit ","https://amigo.geneontology.org/amigo/term/GO:0030132"," EPS15  AP2B1  CLTC"
0.160406118912972,2,9,6.45248994312665,"GO:0005943 Phosphatidylinositol 3-kinase complex class ia ","https://amigo.geneontology.org/amigo/term/GO:0005943"," PIK3CA  PIK3R1"
0.160406118912972,2,9,6.45248994312665,"GO:0018995 Host cellular component ","https://amigo.geneontology.org/amigo/term/GO:0018995"," NUP153  KPNA2"
0.160406118912972,2,9,6.45248994312665,"GO:0032059 Bleb ","https://amigo.geneontology.org/amigo/term/GO:0032059"," ANLN  ROCK1"
0.160406118912972,2,9,6.45248994312665,"GO:0036056 Filtration diaphragm ","https://amigo.geneontology.org/amigo/term/GO:0036056"," CD2AP  IQGAP1"
0.160406118912972,2,9,6.45248994312665,"GO:0036057 Slit diaphragm ","https://amigo.geneontology.org/amigo/term/GO:0036057"," CD2AP  IQGAP1"
0.160406118912972,2,9,6.45248994312665,"GO:0042584 Chromaffin granule membrane ","https://amigo.geneontology.org/amigo/term/GO:0042584"," SYT1  ATP8A1"
0.160406118912972,2,9,6.45248994312665,"GO:0043657 Host cell ","https://amigo.geneontology.org/amigo/term/GO:0043657"," NUP153  KPNA2"
0.160406118912972,2,9,6.45248994312665,"GO:0070775 H3 histone acetyltransferase complex ","https://amigo.geneontology.org/amigo/term/GO:0070775"," KAT7  KAT6B"
0.160406118912972,2,9,6.45248994312665,"GO:0097539 Ciliary transition fiber ","https://amigo.geneontology.org/amigo/term/GO:0097539"," CEP83  CENPF"
0.160406118912972,2,9,6.45248994312665,"GO:0097651 Phosphatidylinositol 3-kinase complex class i ","https://amigo.geneontology.org/amigo/term/GO:0097651"," PIK3CA  PIK3R1"
0.160406118912972,4,36,3.22624497156332,"GO:0099522 Cytosolic region ","https://amigo.geneontology.org/amigo/term/GO:0099522"," C9orf72  PIAS1  SYT1  KIF5B"
0.165112481496152,38,816,1.35217620131698,"GO:0005929 Cilium ","https://amigo.geneontology.org/amigo/term/GO:0005929"," OFD1  PCM1  KIAA0586  SSX2IP  IFT81  TTLL7  NEDD1  WDR19  CEP83  RTTN  TOPORS  ERC1  CDC45  DAAM1  CNTRL  WDR11  USP9X  RIBC2  CEP78  TBC1D31  PKD1L1  ATP2B4  SPAG5  HSP90AA1  HIF1A  CCP110  ANKMY2  ALMS1  CENPF  PRKACB  CENPJ  AK9  C2CD3  KIF5B  PIK3R4  CAMSAP2  PJA2  TNPO1"
0.174916100661215,5,55,2.63965497673363,"GO:0001673 Male germ cell nucleus ","https://amigo.geneontology.org/amigo/term/GO:0001673"," BRCA1  TRIP13  TRIM24  TOP2A  TOPBP1"
0.174916100661215,5,55,2.63965497673363,"GO:0030118 Clathrin coat ","https://amigo.geneontology.org/amigo/term/GO:0030118"," EPS15  CLTC  AP1G1  AP2B1  AP3B1"
0.174916100661215,11,175,1.82513286962725,"GO:0030426 Growth cone ","https://amigo.geneontology.org/amigo/term/GO:0030426"," USP9X  KIF21A  C9orf72  CLASP2  HSP90AA1  KIF20B  EXOC6  EPS8  CD2AP  IQGAP1  DOCK7"
0.176079635867994,17,310,1.59230800209416,"GO:0009925 Basal plasma membrane ","https://amigo.geneontology.org/amigo/term/GO:0009925"," SLC4A7  MET  SLC4A10  TJP1  ERBIN  SLC39A8  ATP7A  ATP2B4  ATP2B1  HSP90AA1  EPS15  SLC38A1  STXBP3  IQGAP1  ENPP1  SLC5A3  IDE"
0.184790381012142,3,23,3.78733105357434,"GO:0005680 Anaphase-promoting complex ","https://amigo.geneontology.org/amigo/term/GO:0005680"," CDC27  UBE2C  BUB1B"
0.186059880766743,2,10,5.80724094881398,"GO:0000931 Gamma-tubulin ring complex ","https://amigo.geneontology.org/amigo/term/GO:0000931"," CDK5RAP2  BRCA1"
0.186059880766743,2,10,5.80724094881398,"GO:0031414 N-terminal protein acetyltransferase complex ","https://amigo.geneontology.org/amigo/term/GO:0031414"," NAA15  NAA16"
0.186059880766743,2,10,5.80724094881398,"GO:0070419 Nonhomologous end joining complex ","https://amigo.geneontology.org/amigo/term/GO:0070419"," DCLRE1C  PRKDC"
0.186059880766743,2,10,5.80724094881398,"GO:0070531 Brca1-a complex ","https://amigo.geneontology.org/amigo/term/GO:0070531"," BRCA1  BARD1"
0.198688158868218,11,180,1.77443473435983,"GO:0030427 Site of polarized growth ","https://amigo.geneontology.org/amigo/term/GO:0030427"," USP9X  KIF21A  C9orf72  CLASP2  HSP90AA1  KIF20B  EXOC6  EPS8  CD2AP  IQGAP1  DOCK7"
0.19874398224865,4,40,2.90362047440699,"GO:0031904 Endosome lumen ","https://amigo.geneontology.org/amigo/term/GO:0031904"," AP4E1  JAK2  LNPEP  PRLR"
0.19874398224865,3,24,3.62952559300874,"GO:0099524 Postsynaptic cytosol ","https://amigo.geneontology.org/amigo/term/GO:0099524"," PIAS1  SYT1  KIF5B"
